data,categoria,descricao,valor,forma_pagamento
2024-01-01,Transporte,Gasto com Transporte,22.57,Crédito
2024-01-01,Educação,Gasto com Educação,215.63,Pix
2024-01-01,Educação,Gasto com Educação,329.64,Crédito
2024-01-01,Alimentação,Gasto com Alimentação,73.84,Débito
2024-01-01,Transporte,Gasto com Transporte,51.45,Dinheiro
2024-01-02,Educação,Gasto com Educação,57.96,Crédito
2024-01-02,Lazer,Gasto com Lazer,85.1,Crédito
2024-01-02,Lazer,Gasto com Lazer,142.67,Crédito
2024-01-03,Educação,Gasto com Educação,220.99,Débito
2024-01-03,Transporte,Gasto com Transporte,47.38,Pix
2024-01-03,Educação,Gasto com Educação,74.62,Débito
2024-01-03,Educação,Gasto com Educação,362.44,Pix
2024-01-03,Alimentação,Gasto com Alimentação,117.04,Crédito
2024-01-03,Alimentação,Gasto com Alimentação,30.97,Pix
2024-01-03,Educação,Gasto com Educação,325.39,Débito
2024-01-03,Educação,Gasto com Educação,304.47,Crédito
2024-01-04,Alimentação,Gasto com Alimentação,32.35,Dinheiro
2024-01-04,Alimentação,Gasto com Alimentação,15.78,Débito
2024-01-04,Saúde,Gasto com Saúde,207.53,Dinheiro
2024-01-04,Alimentação,Gasto com Alimentação,26.4,Débito
2024-01-04,Alimentação,Gasto com Alimentação,29.8,Pix
2024-01-04,Educação,Gasto com Educação,81.12,Crédito
2024-01-04,Moradia,Gasto com Moradia,811.59,Débito
2024-01-04,Alimentação,Gasto com Alimentação,35.02,Débito
2024-01-05,Lazer,Gasto com Lazer,69.86,Crédito
2024-01-05,Lazer,Gasto com Lazer,296.46,Crédito
2024-01-05,Lazer,Gasto com Lazer,235.17,Débito
2024-01-05,Lazer,Gasto com Lazer,137.48,Crédito
2024-01-05,Saúde,Gasto com Saúde,251.39,Débito
2024-01-05,Assinaturas,Gasto com Assinaturas,78.76,Pix
2024-01-05,Saúde,Gasto com Saúde,117.51,Pix
2024-01-06,Assinaturas,Gasto com Assinaturas,51.85,Débito
2024-01-06,Transporte,Gasto com Transporte,42.93,Dinheiro
2024-01-07,Educação,Gasto com Educação,381.83,Débito
2024-01-07,Transporte,Gasto com Transporte,18.24,Débito
2024-01-07,Transporte,Gasto com Transporte,18.57,Crédito
2024-01-07,Transporte,Gasto com Transporte,22.18,Crédito
2024-01-08,Educação,Gasto com Educação,345.42,Dinheiro
2024-01-08,Transporte,Gasto com Transporte,49.72,Pix
2024-01-08,Alimentação,Gasto com Alimentação,15.06,Pix
2024-01-08,Assinaturas,Gasto com Assinaturas,46.22,Débito
2024-01-08,Lazer,Gasto com Lazer,141.61,Pix
2024-01-08,Educação,Gasto com Educação,172.23,Dinheiro
2024-01-09,Alimentação,Gasto com Alimentação,24.23,Pix
2024-01-09,Lazer,Gasto com Lazer,86.85,Pix
2024-01-09,Moradia,Gasto com Moradia,845.18,Dinheiro
2024-01-09,Alimentação,Gasto com Alimentação,26.69,Débito
2024-01-09,Educação,Gasto com Educação,116.74,Débito
2024-01-09,Assinaturas,Gasto com Assinaturas,22.17,Pix
2024-01-09,Educação,Gasto com Educação,98.33,Crédito
2024-01-10,Alimentação,Gasto com Alimentação,52.69,Crédito
2024-01-10,Alimentação,Gasto com Alimentação,32.02,Pix
2024-01-10,Saúde,Gasto com Saúde,95.22,Débito
2024-01-10,Educação,Gasto com Educação,351.26,Pix
2024-01-10,Educação,Gasto com Educação,62.74,Pix
2024-01-10,Transporte,Gasto com Transporte,58.68,Pix
2024-01-10,Assinaturas,Gasto com Assinaturas,44.7,Crédito
2024-01-10,Alimentação,Gasto com Alimentação,45.41,Dinheiro
2024-01-10,Lazer,Gasto com Lazer,97.2,Pix
2024-01-10,Alimentação,Gasto com Alimentação,16.21,Crédito
2024-01-10,Saúde,Gasto com Saúde,220.45,Pix
2024-01-11,Transporte,Gasto com Transporte,54.75,Dinheiro
2024-01-11,Saúde,Gasto com Saúde,225.92,Dinheiro
2024-01-11,Transporte,Gasto com Transporte,41.86,Dinheiro
2024-01-12,Alimentação,Gasto com Alimentação,23.44,Débito
2024-01-12,Saúde,Gasto com Saúde,76.68,Débito
2024-01-12,Saúde,Gasto com Saúde,97.34,Crédito
2024-01-13,Alimentação,Gasto com Alimentação,26.2,Dinheiro
2024-01-13,Educação,Gasto com Educação,360.43,Crédito
2024-01-13,Lazer,Gasto com Lazer,275.11,Pix
2024-01-13,Assinaturas,Gasto com Assinaturas,75.97,Débito
2024-01-13,Transporte,Gasto com Transporte,33.26,Débito
2024-01-14,Lazer,Gasto com Lazer,141.36,Crédito
2024-01-14,Saúde,Gasto com Saúde,54.74,Dinheiro
2024-01-14,Alimentação,Gasto com Alimentação,58.4,Dinheiro
2024-01-15,Alimentação,Gasto com Alimentação,51.24,Pix
2024-01-15,Alimentação,Gasto com Alimentação,76.27,Crédito
2024-01-15,Transporte,Gasto com Transporte,59.78,Crédito
2024-01-15,Transporte,Gasto com Transporte,41.18,Crédito
2024-01-16,Transporte,Gasto com Transporte,24.19,Dinheiro
2024-01-16,Educação,Gasto com Educação,240.7,Dinheiro
2024-01-16,Moradia,Gasto com Moradia,893.71,Débito
2024-01-16,Alimentação,Gasto com Alimentação,15.05,Débito
2024-01-17,Educação,Gasto com Educação,132.16,Dinheiro
2024-01-17,Saúde,Gasto com Saúde,199.74,Dinheiro
2024-01-17,Alimentação,Gasto com Alimentação,32.06,Pix
2024-01-18,Alimentação,Gasto com Alimentação,23.66,Débito
2024-01-18,Educação,Gasto com Educação,137.03,Crédito
2024-01-19,Saúde,Gasto com Saúde,116.94,Dinheiro
2024-01-19,Lazer,Gasto com Lazer,87.19,Dinheiro
2024-01-20,Lazer,Gasto com Lazer,115.63,Débito
2024-01-20,Alimentação,Gasto com Alimentação,27.53,Dinheiro
2024-01-20,Saúde,Gasto com Saúde,93.19,Pix
2024-01-21,Lazer,Gasto com Lazer,250.54,Dinheiro
2024-01-21,Alimentação,Gasto com Alimentação,16.96,Pix
2024-01-21,Alimentação,Gasto com Alimentação,29.45,Dinheiro
2024-01-21,Saúde,Gasto com Saúde,123.72,Pix
2024-01-21,Saúde,Gasto com Saúde,276.34,Débito
2024-01-21,Alimentação,Gasto com Alimentação,83.14,Crédito
2024-01-21,Alimentação,Gasto com Alimentação,68.17,Débito
2024-01-21,Lazer,Gasto com Lazer,128.17,Pix
2024-01-23,Educação,Gasto com Educação,240.58,Pix
2024-01-23,Lazer,Gasto com Lazer,100.06,Pix
2024-01-23,Alimentação,Gasto com Alimentação,20.99,Pix
2024-01-23,Alimentação,Gasto com Alimentação,51.87,Crédito
2024-01-24,Lazer,Gasto com Lazer,238.8,Crédito
2024-01-24,Lazer,Gasto com Lazer,260.0,Dinheiro
2024-01-24,Lazer,Gasto com Lazer,223.34,Crédito
2024-01-24,Transporte,Gasto com Transporte,47.83,Dinheiro
2024-01-25,Saúde,Gasto com Saúde,130.72,Crédito
2024-01-25,Lazer,Gasto com Lazer,269.85,Pix
2024-01-25,Alimentação,Gasto com Alimentação,91.93,Crédito
2024-01-25,Educação,Gasto com Educação,216.1,Pix
2024-01-25,Transporte,Gasto com Transporte,8.79,Dinheiro
2024-01-25,Lazer,Gasto com Lazer,318.05,Crédito
2024-01-25,Lazer,Gasto com Lazer,270.36,Dinheiro
2024-01-26,Lazer,Gasto com Lazer,93.64,Crédito
2024-01-26,Lazer,Gasto com Lazer,44.53,Débito
2024-01-27,Alimentação,Gasto com Alimentação,15.47,Débito
2024-01-27,Educação,Gasto com Educação,285.68,Dinheiro
2024-01-27,Transporte,Gasto com Transporte,12.42,Débito
2024-01-28,Educação,Gasto com Educação,391.69,Pix
2024-01-28,Lazer,Gasto com Lazer,59.58,Dinheiro
2024-01-28,Educação,Gasto com Educação,225.69,Débito
2024-01-28,Lazer,Gasto com Lazer,160.17,Crédito
2024-01-28,Educação,Gasto com Educação,84.56,Débito
2024-01-28,Educação,Gasto com Educação,272.21,Crédito
2024-01-28,Saúde,Gasto com Saúde,70.23,Dinheiro
2024-01-29,Transporte,Gasto com Transporte,21.06,Pix
2024-01-29,Saúde,Gasto com Saúde,296.83,Dinheiro
2024-01-29,Alimentação,Gasto com Alimentação,17.67,Débito
2024-01-29,Transporte,Gasto com Transporte,17.81,Crédito
2024-01-29,Alimentação,Gasto com Alimentação,87.82,Dinheiro
2024-01-30,Saúde,Gasto com Saúde,40.49,Pix
2024-01-30,Lazer,Gasto com Lazer,321.44,Dinheiro
2024-01-30,Alimentação,Gasto com Alimentação,59.89,Dinheiro
2024-01-30,Saúde,Gasto com Saúde,139.05,Pix
2024-01-30,Saúde,Gasto com Saúde,229.43,Crédito
2024-01-31,Educação,Gasto com Educação,181.93,Crédito
2024-01-31,Saúde,Gasto com Saúde,123.2,Pix
2024-01-31,Lazer,Gasto com Lazer,187.35,Dinheiro
2024-01-31,Transporte,Gasto com Transporte,30.95,Crédito
2024-01-31,Educação,Gasto com Educação,133.15,Débito
2024-01-31,Lazer,Gasto com Lazer,253.36,Pix
2024-01-31,Transporte,Gasto com Transporte,21.94,Dinheiro
2024-01-31,Moradia,Gasto com Moradia,1193.41,Débito
2024-02-01,Transporte,Gasto com Transporte,55.76,Crédito
2024-02-01,Lazer,Gasto com Lazer,278.66,Dinheiro
2024-02-01,Alimentação,Gasto com Alimentação,24.61,Crédito
2024-02-01,Alimentação,Gasto com Alimentação,39.7,Crédito
2024-02-01,Lazer,Gasto com Lazer,175.32,Débito
2024-02-01,Transporte,Gasto com Transporte,14.88,Débito
2024-02-02,Lazer,Gasto com Lazer,242.23,Crédito
2024-02-02,Alimentação,Gasto com Alimentação,16.82,Dinheiro
2024-02-03,Transporte,Gasto com Transporte,45.88,Pix
2024-02-03,Alimentação,Gasto com Alimentação,24.28,Crédito
2024-02-04,Saúde,Gasto com Saúde,201.86,Pix
2024-02-04,Lazer,Gasto com Lazer,212.57,Débito
2024-02-04,Moradia,Gasto com Moradia,808.52,Dinheiro
2024-02-04,Lazer,Gasto com Lazer,202.34,Pix
2024-02-05,Educação,Gasto com Educação,366.0,Débito
2024-02-05,Transporte,Gasto com Transporte,37.17,Dinheiro
2024-02-05,Saúde,Gasto com Saúde,181.27,Pix
2024-02-06,Saúde,Gasto com Saúde,60.2,Dinheiro
2024-02-06,Educação,Gasto com Educação,393.69,Pix
2024-02-06,Transporte,Gasto com Transporte,26.89,Crédito
2024-02-06,Saúde,Gasto com Saúde,235.79,Débito
2024-02-06,Saúde,Gasto com Saúde,130.38,Pix
2024-02-06,Educação,Gasto com Educação,116.55,Crédito
2024-02-07,Educação,Gasto com Educação,212.84,Débito
2024-02-07,Transporte,Gasto com Transporte,46.58,Dinheiro
2024-02-07,Lazer,Gasto com Lazer,291.01,Crédito
2024-02-07,Saúde,Gasto com Saúde,262.4,Crédito
2024-02-07,Transporte,Gasto com Transporte,11.39,Débito
2024-02-08,Educação,Gasto com Educação,266.18,Débito
2024-02-08,Lazer,Gasto com Lazer,354.3,Débito
2024-02-08,Transporte,Gasto com Transporte,22.92,Crédito
2024-02-09,Transporte,Gasto com Transporte,28.27,Dinheiro
2024-02-09,Saúde,Gasto com Saúde,294.25,Dinheiro
2024-02-09,Lazer,Gasto com Lazer,79.76,Dinheiro
2024-02-10,Saúde,Gasto com Saúde,104.2,Pix
2024-02-10,Lazer,Gasto com Lazer,150.25,Crédito
2024-02-10,Educação,Gasto com Educação,327.62,Crédito
2024-02-10,Transporte,Gasto com Transporte,27.91,Dinheiro
2024-02-10,Lazer,Gasto com Lazer,193.36,Crédito
2024-02-10,Saúde,Gasto com Saúde,131.62,Débito
2024-02-10,Transporte,Gasto com Transporte,42.21,Dinheiro
2024-02-11,Educação,Gasto com Educação,315.59,Crédito
2024-02-11,Saúde,Gasto com Saúde,75.14,Crédito
2024-02-11,Lazer,Gasto com Lazer,225.8,Dinheiro
2024-02-11,Alimentação,Gasto com Alimentação,31.89,Dinheiro
2024-02-11,Educação,Gasto com Educação,179.01,Dinheiro
2024-02-11,Transporte,Gasto com Transporte,30.28,Dinheiro
2024-02-11,Saúde,Gasto com Saúde,218.57,Pix
2024-02-12,Transporte,Gasto com Transporte,28.04,Dinheiro
2024-02-12,Saúde,Gasto com Saúde,239.38,Dinheiro
2024-02-12,Alimentação,Gasto com Alimentação,23.82,Dinheiro
2024-02-12,Transporte,Gasto com Transporte,10.06,Débito
2024-02-12,Educação,Gasto com Educação,121.64,Crédito
2024-02-12,Transporte,Gasto com Transporte,52.06,Pix
2024-02-13,Alimentação,Gasto com Alimentação,37.06,Débito
2024-02-13,Saúde,Gasto com Saúde,79.8,Dinheiro
2024-02-13,Educação,Gasto com Educação,140.86,Débito
2024-02-13,Alimentação,Gasto com Alimentação,39.94,Débito
2024-02-13,Lazer,Gasto com Lazer,289.65,Pix
2024-02-13,Transporte,Gasto com Transporte,47.69,Crédito
2024-02-13,Educação,Gasto com Educação,286.25,Crédito
2024-02-13,Alimentação,Gasto com Alimentação,58.17,Pix
2024-02-13,Transporte,Gasto com Transporte,40.4,Crédito
2024-02-13,Alimentação,Gasto com Alimentação,38.88,Pix
2024-02-13,Lazer,Gasto com Lazer,239.43,Débito
2024-02-13,Lazer,Gasto com Lazer,36.48,Débito
2024-02-14,Saúde,Gasto com Saúde,185.88,Crédito
2024-02-14,Lazer,Gasto com Lazer,168.88,Débito
2024-02-14,Transporte,Gasto com Transporte,45.78,Dinheiro
2024-02-14,Educação,Gasto com Educação,238.64,Pix
2024-02-14,Alimentação,Gasto com Alimentação,37.97,Dinheiro
2024-02-14,Educação,Gasto com Educação,390.54,Crédito
2024-02-15,Alimentação,Gasto com Alimentação,85.55,Dinheiro
2024-02-15,Alimentação,Gasto com Alimentação,88.37,Crédito
2024-02-15,Moradia,Gasto com Moradia,1127.65,Crédito
2024-02-15,Saúde,Gasto com Saúde,271.73,Débito
2024-02-15,Educação,Gasto com Educação,222.0,Débito
2024-02-16,Transporte,Gasto com Transporte,32.37,Dinheiro
2024-02-16,Transporte,Gasto com Transporte,28.92,Pix
2024-02-16,Alimentação,Gasto com Alimentação,66.17,Pix
2024-02-16,Saúde,Gasto com Saúde,286.37,Débito
2024-02-17,Saúde,Gasto com Saúde,62.95,Crédito
2024-02-17,Alimentação,Gasto com Alimentação,32.57,Dinheiro
2024-02-17,Educação,Gasto com Educação,129.63,Pix
2024-02-17,Educação,Gasto com Educação,229.28,Pix
2024-02-17,Transporte,Gasto com Transporte,19.09,Dinheiro
2024-02-17,Educação,Gasto com Educação,299.91,Crédito
2024-02-18,Moradia,Gasto com Moradia,886.58,Débito
2024-02-18,Transporte,Gasto com Transporte,33.52,Pix
2024-02-18,Lazer,Gasto com Lazer,117.4,Pix
2024-02-18,Lazer,Gasto com Lazer,116.46,Crédito
2024-02-18,Educação,Gasto com Educação,85.38,Crédito
2024-02-18,Alimentação,Gasto com Alimentação,40.61,Débito
2024-02-19,Assinaturas,Gasto com Assinaturas,53.51,Débito
2024-02-19,Alimentação,Gasto com Alimentação,53.7,Débito
2024-02-19,Educação,Gasto com Educação,290.51,Dinheiro
2024-02-19,Transporte,Gasto com Transporte,26.72,Crédito
2024-02-19,Educação,Gasto com Educação,165.7,Pix
2024-02-19,Saúde,Gasto com Saúde,195.02,Pix
2024-02-19,Alimentação,Gasto com Alimentação,77.69,Débito
2024-02-20,Transporte,Gasto com Transporte,47.84,Crédito
2024-02-20,Lazer,Gasto com Lazer,254.51,Débito
2024-02-21,Lazer,Gasto com Lazer,74.58,Dinheiro
2024-02-21,Lazer,Gasto com Lazer,139.03,Crédito
2024-02-21,Educação,Gasto com Educação,366.22,Pix
2024-02-21,Saúde,Gasto com Saúde,38.91,Crédito
2024-02-21,Educação,Gasto com Educação,110.03,Pix
2024-02-21,Alimentação,Gasto com Alimentação,19.43,Pix
2024-02-22,Lazer,Gasto com Lazer,67.25,Pix
2024-02-22,Lazer,Gasto com Lazer,206.58,Débito
2024-02-22,Lazer,Gasto com Lazer,115.63,Crédito
2024-02-22,Saúde,Gasto com Saúde,270.73,Crédito
2024-02-22,Transporte,Gasto com Transporte,53.56,Crédito
2024-02-23,Saúde,Gasto com Saúde,25.73,Pix
2024-02-23,Saúde,Gasto com Saúde,260.69,Débito
2024-02-24,Educação,Gasto com Educação,377.72,Débito
2024-02-24,Educação,Gasto com Educação,340.87,Crédito
2024-02-24,Saúde,Gasto com Saúde,259.63,Débito
2024-02-24,Saúde,Gasto com Saúde,216.92,Dinheiro
2024-02-24,Alimentação,Gasto com Alimentação,113.03,Débito
2024-02-24,Lazer,Gasto com Lazer,238.98,Débito
2024-02-24,Alimentação,Gasto com Alimentação,20.32,Dinheiro
2024-02-25,Lazer,Gasto com Lazer,287.2,Pix
2024-02-25,Saúde,Gasto com Saúde,201.3,Dinheiro
2024-02-25,Saúde,Gasto com Saúde,280.47,Pix
2024-02-25,Alimentação,Gasto com Alimentação,74.53,Dinheiro
2024-02-25,Saúde,Gasto com Saúde,97.39,Débito
2024-02-25,Alimentação,Gasto com Alimentação,42.12,Pix
2024-02-26,Alimentação,Gasto com Alimentação,36.8,Pix
2024-02-26,Alimentação,Gasto com Alimentação,105.63,Dinheiro
2024-02-26,Educação,Gasto com Educação,162.66,Dinheiro
2024-02-27,Educação,Gasto com Educação,222.88,Dinheiro
2024-02-27,Alimentação,Gasto com Alimentação,73.86,Crédito
2024-02-27,Lazer,Gasto com Lazer,136.61,Débito
2024-02-28,Transporte,Gasto com Transporte,43.14,Crédito
2024-02-28,Lazer,Gasto com Lazer,132.54,Crédito
2024-02-28,Alimentação,Gasto com Alimentação,18.73,Pix
2024-02-28,Educação,Gasto com Educação,376.05,Crédito
2024-02-28,Lazer,Gasto com Lazer,256.88,Crédito
2024-02-28,Assinaturas,Gasto com Assinaturas,37.5,Pix
2024-02-28,Alimentação,Gasto com Alimentação,22.56,Pix
2024-02-28,Saúde,Gasto com Saúde,235.1,Dinheiro
2024-02-29,Saúde,Gasto com Saúde,23.72,Dinheiro
2024-02-29,Lazer,Gasto com Lazer,243.28,Pix
2024-02-29,Educação,Gasto com Educação,365.76,Dinheiro
2024-02-29,Moradia,Gasto com Moradia,751.87,Dinheiro
2024-02-29,Saúde,Gasto com Saúde,230.91,Débito
2024-02-29,Educação,Gasto com Educação,224.88,Débito
2024-02-29,Educação,Gasto com Educação,216.98,Pix
2024-03-01,Alimentação,Gasto com Alimentação,64.14,Débito
2024-03-01,Educação,Gasto com Educação,121.78,Crédito
2024-03-01,Educação,Gasto com Educação,169.63,Dinheiro
2024-03-01,Lazer,Gasto com Lazer,330.84,Débito
2024-03-01,Lazer,Gasto com Lazer,79.81,Crédito
2024-03-02,Lazer,Gasto com Lazer,225.43,Débito
2024-03-02,Saúde,Gasto com Saúde,239.59,Pix
2024-03-02,Alimentação,Gasto com Alimentação,56.0,Pix
2024-03-02,Educação,Gasto com Educação,284.2,Dinheiro
2024-03-02,Lazer,Gasto com Lazer,326.36,Crédito
2024-03-02,Lazer,Gasto com Lazer,294.79,Débito
2024-03-03,Saúde,Gasto com Saúde,77.48,Crédito
2024-03-03,Transporte,Gasto com Transporte,15.88,Crédito
2024-03-03,Lazer,Gasto com Lazer,42.5,Débito
2024-03-03,Alimentação,Gasto com Alimentação,25.61,Dinheiro
2024-03-03,Alimentação,Gasto com Alimentação,79.15,Pix
2024-03-03,Educação,Gasto com Educação,106.28,Dinheiro
2024-03-03,Educação,Gasto com Educação,255.55,Dinheiro
2024-03-04,Saúde,Gasto com Saúde,238.75,Dinheiro
2024-03-04,Saúde,Gasto com Saúde,83.67,Débito
2024-03-04,Educação,Gasto com Educação,144.59,Crédito
2024-03-04,Alimentação,Gasto com Alimentação,63.03,Débito
2024-03-04,Transporte,Gasto com Transporte,27.56,Dinheiro
2024-03-04,Educação,Gasto com Educação,390.95,Pix
2024-03-04,Lazer,Gasto com Lazer,185.39,Crédito
2024-03-04,Educação,Gasto com Educação,284.92,Crédito
2024-03-05,Saúde,Gasto com Saúde,74.3,Dinheiro
2024-03-05,Saúde,Gasto com Saúde,219.82,Débito
2024-03-06,Saúde,Gasto com Saúde,213.34,Crédito
2024-03-06,Assinaturas,Gasto com Assinaturas,77.28,Débito
2024-03-06,Educação,Gasto com Educação,273.41,Pix
2024-03-06,Transporte,Gasto com Transporte,27.95,Débito
2024-03-07,Alimentação,Gasto com Alimentação,86.95,Pix
2024-03-08,Saúde,Gasto com Saúde,73.3,Dinheiro
2024-03-08,Educação,Gasto com Educação,349.88,Débito
2024-03-08,Transporte,Gasto com Transporte,56.77,Pix
2024-03-08,Assinaturas,Gasto com Assinaturas,43.01,Débito
2024-03-08,Alimentação,Gasto com Alimentação,17.87,Dinheiro
2024-03-08,Transporte,Gasto com Transporte,16.42,Débito
2024-03-08,Saúde,Gasto com Saúde,184.0,Pix
2024-03-08,Transporte,Gasto com Transporte,18.66,Crédito
2024-03-08,Alimentação,Gasto com Alimentação,29.4,Pix
2024-03-09,Alimentação,Gasto com Alimentação,106.2,Débito
2024-03-09,Educação,Gasto com Educação,225.73,Pix
2024-03-09,Transporte,Gasto com Transporte,18.26,Débito
2024-03-09,Transporte,Gasto com Transporte,55.5,Débito
2024-03-10,Saúde,Gasto com Saúde,291.47,Débito
2024-03-10,Transporte,Gasto com Transporte,43.82,Débito
2024-03-10,Lazer,Gasto com Lazer,261.94,Pix
2024-03-10,Alimentação,Gasto com Alimentação,22.31,Débito
2024-03-10,Educação,Gasto com Educação,212.24,Pix
2024-03-11,Saúde,Gasto com Saúde,133.34,Débito
2024-03-11,Saúde,Gasto com Saúde,251.4,Dinheiro
2024-03-12,Transporte,Gasto com Transporte,19.62,Débito
2024-03-12,Transporte,Gasto com Transporte,17.88,Dinheiro
2024-03-12,Saúde,Gasto com Saúde,92.39,Débito
2024-03-12,Transporte,Gasto com Transporte,11.29,Pix
2024-03-12,Educação,Gasto com Educação,339.15,Dinheiro
2024-03-12,Transporte,Gasto com Transporte,40.58,Débito
2024-03-12,Saúde,Gasto com Saúde,110.34,Pix
2024-03-12,Moradia,Gasto com Moradia,1011.07,Crédito
2024-03-13,Alimentação,Gasto com Alimentação,18.73,Crédito
2024-03-13,Educação,Gasto com Educação,99.23,Dinheiro
2024-03-13,Assinaturas,Gasto com Assinaturas,64.18,Dinheiro
2024-03-13,Saúde,Gasto com Saúde,198.98,Crédito
2024-03-14,Alimentação,Gasto com Alimentação,31.01,Débito
2024-03-14,Transporte,Gasto com Transporte,31.3,Débito
2024-03-14,Transporte,Gasto com Transporte,42.72,Pix
2024-03-14,Saúde,Gasto com Saúde,223.88,Dinheiro
2024-03-15,Alimentação,Gasto com Alimentação,15.65,Dinheiro
2024-03-15,Saúde,Gasto com Saúde,41.41,Dinheiro
2024-03-15,Alimentação,Gasto com Alimentação,19.56,Crédito
2024-03-15,Saúde,Gasto com Saúde,210.84,Pix
2024-03-15,Educação,Gasto com Educação,193.32,Débito
2024-03-15,Lazer,Gasto com Lazer,240.98,Dinheiro
2024-03-15,Lazer,Gasto com Lazer,116.08,Pix
2024-03-16,Lazer,Gasto com Lazer,277.22,Débito
2024-03-16,Transporte,Gasto com Transporte,21.66,Crédito
2024-03-16,Saúde,Gasto com Saúde,57.69,Crédito
2024-03-16,Educação,Gasto com Educação,113.95,Pix
2024-03-16,Alimentação,Gasto com Alimentação,28.45,Dinheiro
2024-03-17,Alimentação,Gasto com Alimentação,118.21,Dinheiro
2024-03-17,Lazer,Gasto com Lazer,239.63,Crédito
2024-03-17,Transporte,Gasto com Transporte,30.53,Crédito
2024-03-18,Lazer,Gasto com Lazer,265.89,Débito
2024-03-18,Assinaturas,Gasto com Assinaturas,24.11,Crédito
2024-03-18,Saúde,Gasto com Saúde,105.55,Pix
2024-03-18,Saúde,Gasto com Saúde,277.32,Crédito
2024-03-18,Educação,Gasto com Educação,169.12,Crédito
2024-03-18,Saúde,Gasto com Saúde,81.35,Débito
2024-03-18,Lazer,Gasto com Lazer,171.16,Crédito
2024-03-19,Saúde,Gasto com Saúde,117.07,Crédito
2024-03-19,Educação,Gasto com Educação,266.56,Pix
2024-03-19,Saúde,Gasto com Saúde,140.96,Dinheiro
2024-03-19,Alimentação,Gasto com Alimentação,21.3,Pix
2024-03-19,Moradia,Gasto com Moradia,902.09,Débito
2024-03-19,Lazer,Gasto com Lazer,299.75,Débito
2024-03-20,Transporte,Gasto com Transporte,31.58,Pix
2024-03-20,Saúde,Gasto com Saúde,263.53,Débito
2024-03-20,Educação,Gasto com Educação,79.92,Dinheiro
2024-03-20,Alimentação,Gasto com Alimentação,59.16,Pix
2024-03-20,Educação,Gasto com Educação,119.22,Dinheiro
2024-03-21,Saúde,Gasto com Saúde,21.68,Dinheiro
2024-03-21,Educação,Gasto com Educação,206.35,Débito
2024-03-21,Educação,Gasto com Educação,338.57,Débito
2024-03-21,Alimentação,Gasto com Alimentação,17.25,Crédito
2024-03-21,Lazer,Gasto com Lazer,168.02,Crédito
2024-03-21,Transporte,Gasto com Transporte,31.52,Pix
2024-03-21,Educação,Gasto com Educação,128.95,Dinheiro
2024-03-21,Alimentação,Gasto com Alimentação,24.52,Débito
2024-03-21,Lazer,Gasto com Lazer,229.32,Dinheiro
2024-03-22,Alimentação,Gasto com Alimentação,31.95,Débito
2024-03-22,Alimentação,Gasto com Alimentação,23.6,Dinheiro
2024-03-22,Alimentação,Gasto com Alimentação,24.47,Dinheiro
2024-03-22,Transporte,Gasto com Transporte,10.63,Débito
2024-03-22,Transporte,Gasto com Transporte,47.49,Débito
2024-03-22,Transporte,Gasto com Transporte,24.39,Dinheiro
2024-03-22,Transporte,Gasto com Transporte,55.23,Débito
2024-03-22,Assinaturas,Gasto com Assinaturas,39.74,Dinheiro
2024-03-23,Saúde,Gasto com Saúde,120.62,Crédito
2024-03-23,Alimentação,Gasto com Alimentação,15.17,Débito
2024-03-23,Educação,Gasto com Educação,179.13,Dinheiro
2024-03-23,Alimentação,Gasto com Alimentação,97.46,Dinheiro
2024-03-23,Saúde,Gasto com Saúde,21.88,Crédito
2024-03-24,Lazer,Gasto com Lazer,65.08,Crédito
2024-03-24,Saúde,Gasto com Saúde,171.49,Dinheiro
2024-03-24,Educação,Gasto com Educação,289.71,Pix
2024-03-24,Lazer,Gasto com Lazer,220.24,Dinheiro
2024-03-24,Saúde,Gasto com Saúde,98.67,Pix
2024-03-24,Lazer,Gasto com Lazer,130.15,Débito
2024-03-24,Educação,Gasto com Educação,65.63,Crédito
2024-03-24,Alimentação,Gasto com Alimentação,25.07,Crédito
2024-03-24,Saúde,Gasto com Saúde,201.32,Crédito
2024-03-24,Lazer,Gasto com Lazer,116.26,Dinheiro
2024-03-24,Transporte,Gasto com Transporte,43.72,Crédito
2024-03-25,Saúde,Gasto com Saúde,47.26,Débito
2024-03-25,Transporte,Gasto com Transporte,32.84,Crédito
2024-03-25,Educação,Gasto com Educação,202.59,Crédito
2024-03-25,Lazer,Gasto com Lazer,277.85,Dinheiro
2024-03-26,Saúde,Gasto com Saúde,105.74,Dinheiro
2024-03-26,Transporte,Gasto com Transporte,53.09,Dinheiro
2024-03-26,Lazer,Gasto com Lazer,207.73,Dinheiro
2024-03-26,Lazer,Gasto com Lazer,293.99,Pix
2024-03-26,Saúde,Gasto com Saúde,32.9,Débito
2024-03-27,Lazer,Gasto com Lazer,69.0,Dinheiro
2024-03-27,Lazer,Gasto com Lazer,249.94,Dinheiro
2024-03-28,Educação,Gasto com Educação,245.64,Pix
2024-03-28,Transporte,Gasto com Transporte,44.57,Pix
2024-03-28,Educação,Gasto com Educação,354.39,Débito
2024-03-28,Saúde,Gasto com Saúde,128.85,Débito
2024-03-29,Saúde,Gasto com Saúde,120.04,Débito
2024-03-29,Alimentação,Gasto com Alimentação,87.28,Débito
2024-03-29,Alimentação,Gasto com Alimentação,23.69,Débito
2024-03-30,Lazer,Gasto com Lazer,78.96,Dinheiro
2024-03-30,Saúde,Gasto com Saúde,91.08,Pix
2024-03-30,Alimentação,Gasto com Alimentação,16.61,Débito
2024-03-30,Educação,Gasto com Educação,187.57,Débito
2024-03-31,Saúde,Gasto com Saúde,232.52,Pix
2024-03-31,Lazer,Gasto com Lazer,266.99,Crédito
2024-03-31,Educação,Gasto com Educação,367.26,Pix
2024-03-31,Transporte,Gasto com Transporte,36.88,Pix
2024-04-01,Educação,Gasto com Educação,379.51,Dinheiro
2024-04-01,Saúde,Gasto com Saúde,101.32,Débito
2024-04-01,Saúde,Gasto com Saúde,82.54,Débito
2024-04-01,Lazer,Gasto com Lazer,52.12,Dinheiro
2024-04-02,Educação,Gasto com Educação,225.65,Pix
2024-04-02,Assinaturas,Gasto com Assinaturas,25.83,Débito
2024-04-02,Lazer,Gasto com Lazer,297.97,Pix
2024-04-02,Alimentação,Gasto com Alimentação,31.63,Débito
2024-04-02,Educação,Gasto com Educação,283.07,Dinheiro
2024-04-02,Transporte,Gasto com Transporte,38.19,Débito
2024-04-02,Transporte,Gasto com Transporte,22.41,Crédito
2024-04-03,Transporte,Gasto com Transporte,12.96,Dinheiro
2024-04-03,Transporte,Gasto com Transporte,50.22,Débito
2024-04-03,Saúde,Gasto com Saúde,185.55,Débito
2024-04-03,Educação,Gasto com Educação,177.29,Débito
2024-04-04,Alimentação,Gasto com Alimentação,22.69,Dinheiro
2024-04-04,Alimentação,Gasto com Alimentação,35.66,Crédito
2024-04-04,Saúde,Gasto com Saúde,258.65,Pix
2024-04-04,Educação,Gasto com Educação,174.89,Crédito
2024-04-04,Educação,Gasto com Educação,279.79,Pix
2024-04-05,Lazer,Gasto com Lazer,257.37,Dinheiro
2024-04-05,Assinaturas,Gasto com Assinaturas,37.53,Débito
2024-04-06,Transporte,Gasto com Transporte,48.98,Pix
2024-04-06,Transporte,Gasto com Transporte,20.66,Crédito
2024-04-06,Transporte,Gasto com Transporte,22.05,Dinheiro
2024-04-06,Lazer,Gasto com Lazer,329.73,Dinheiro
2024-04-06,Saúde,Gasto com Saúde,237.82,Dinheiro
2024-04-06,Lazer,Gasto com Lazer,298.44,Dinheiro
2024-04-07,Lazer,Gasto com Lazer,279.09,Dinheiro
2024-04-07,Saúde,Gasto com Saúde,297.13,Pix
2024-04-07,Moradia,Gasto com Moradia,769.88,Dinheiro
2024-04-08,Lazer,Gasto com Lazer,196.02,Débito
2024-04-08,Educação,Gasto com Educação,64.15,Pix
2024-04-08,Transporte,Gasto com Transporte,46.41,Débito
2024-04-09,Alimentação,Gasto com Alimentação,26.82,Dinheiro
2024-04-09,Educação,Gasto com Educação,330.41,Pix
2024-04-09,Alimentação,Gasto com Alimentação,39.11,Pix
2024-04-09,Transporte,Gasto com Transporte,47.47,Débito
2024-04-10,Transporte,Gasto com Transporte,47.06,Pix
2024-04-10,Lazer,Gasto com Lazer,183.6,Pix
2024-04-10,Moradia,Gasto com Moradia,1157.06,Crédito
2024-04-10,Transporte,Gasto com Transporte,48.24,Crédito
2024-04-10,Alimentação,Gasto com Alimentação,36.62,Crédito
2024-04-11,Lazer,Gasto com Lazer,189.52,Débito
2024-04-11,Lazer,Gasto com Lazer,293.45,Crédito
2024-04-11,Lazer,Gasto com Lazer,126.46,Pix
2024-04-11,Saúde,Gasto com Saúde,55.15,Crédito
2024-04-11,Transporte,Gasto com Transporte,18.95,Débito
2024-04-11,Saúde,Gasto com Saúde,292.6,Crédito
2024-04-12,Alimentação,Gasto com Alimentação,23.39,Débito
2024-04-12,Educação,Gasto com Educação,119.34,Crédito
2024-04-12,Educação,Gasto com Educação,217.46,Débito
2024-04-12,Alimentação,Gasto com Alimentação,64.02,Dinheiro
2024-04-12,Saúde,Gasto com Saúde,190.72,Débito
2024-04-12,Educação,Gasto com Educação,179.17,Dinheiro
2024-04-13,Lazer,Gasto com Lazer,185.3,Dinheiro
2024-04-13,Lazer,Gasto com Lazer,257.91,Dinheiro
2024-04-13,Transporte,Gasto com Transporte,26.13,Crédito
2024-04-13,Educação,Gasto com Educação,220.93,Crédito
2024-04-13,Saúde,Gasto com Saúde,76.93,Crédito
2024-04-14,Lazer,Gasto com Lazer,341.52,Dinheiro
2024-04-14,Transporte,Gasto com Transporte,27.67,Dinheiro
2024-04-14,Transporte,Gasto com Transporte,23.03,Crédito
2024-04-14,Educação,Gasto com Educação,363.71,Pix
2024-04-14,Alimentação,Gasto com Alimentação,25.57,Crédito
2024-04-15,Educação,Gasto com Educação,253.99,Dinheiro
2024-04-15,Lazer,Gasto com Lazer,146.77,Dinheiro
2024-04-15,Transporte,Gasto com Transporte,48.67,Débito
2024-04-16,Educação,Gasto com Educação,313.22,Dinheiro
2024-04-16,Lazer,Gasto com Lazer,80.76,Dinheiro
2024-04-16,Assinaturas,Gasto com Assinaturas,41.89,Crédito
2024-04-16,Lazer,Gasto com Lazer,290.61,Pix
2024-04-16,Lazer,Gasto com Lazer,160.95,Débito
2024-04-16,Educação,Gasto com Educação,51.49,Dinheiro
2024-04-16,Transporte,Gasto com Transporte,43.87,Dinheiro
2024-04-16,Transporte,Gasto com Transporte,48.57,Dinheiro
2024-04-17,Educação,Gasto com Educação,295.04,Crédito
2024-04-17,Educação,Gasto com Educação,300.29,Dinheiro
2024-04-17,Alimentação,Gasto com Alimentação,36.44,Débito
2024-04-17,Lazer,Gasto com Lazer,211.42,Pix
2024-04-18,Alimentação,Gasto com Alimentação,64.6,Dinheiro
2024-04-18,Transporte,Gasto com Transporte,58.74,Pix
2024-04-18,Transporte,Gasto com Transporte,51.16,Débito
2024-04-18,Educação,Gasto com Educação,70.42,Dinheiro
2024-04-19,Assinaturas,Gasto com Assinaturas,58.33,Dinheiro
2024-04-19,Alimentação,Gasto com Alimentação,16.52,Pix
2024-04-19,Educação,Gasto com Educação,242.19,Crédito
2024-04-19,Lazer,Gasto com Lazer,167.66,Crédito
2024-04-19,Saúde,Gasto com Saúde,238.27,Débito
2024-04-19,Saúde,Gasto com Saúde,54.9,Dinheiro
2024-04-20,Lazer,Gasto com Lazer,251.57,Dinheiro
2024-04-20,Lazer,Gasto com Lazer,178.68,Crédito
2024-04-20,Educação,Gasto com Educação,142.83,Crédito
2024-04-20,Lazer,Gasto com Lazer,226.41,Débito
2024-04-21,Lazer,Gasto com Lazer,287.45,Pix
2024-04-21,Saúde,Gasto com Saúde,113.85,Pix
2024-04-22,Educação,Gasto com Educação,184.12,Dinheiro
2024-04-22,Transporte,Gasto com Transporte,31.08,Débito
2024-04-23,Moradia,Gasto com Moradia,714.11,Dinheiro
2024-04-23,Transporte,Gasto com Transporte,28.76,Crédito
2024-04-23,Educação,Gasto com Educação,190.62,Pix
2024-04-23,Transporte,Gasto com Transporte,34.41,Dinheiro
2024-04-23,Transporte,Gasto com Transporte,50.82,Pix
2024-04-23,Alimentação,Gasto com Alimentação,115.27,Dinheiro
2024-04-24,Saúde,Gasto com Saúde,205.28,Débito
2024-04-24,Saúde,Gasto com Saúde,275.31,Dinheiro
2024-04-24,Saúde,Gasto com Saúde,237.21,Dinheiro
2024-04-24,Educação,Gasto com Educação,157.51,Pix
2024-04-25,Educação,Gasto com Educação,250.12,Débito
2024-04-25,Lazer,Gasto com Lazer,179.58,Dinheiro
2024-04-25,Transporte,Gasto com Transporte,51.22,Dinheiro
2024-04-25,Transporte,Gasto com Transporte,43.47,Dinheiro
2024-04-25,Saúde,Gasto com Saúde,299.15,Débito
2024-04-26,Educação,Gasto com Educação,265.73,Crédito
2024-04-26,Educação,Gasto com Educação,338.48,Crédito
2024-04-26,Educação,Gasto com Educação,89.24,Dinheiro
2024-04-26,Transporte,Gasto com Transporte,35.62,Pix
2024-04-26,Educação,Gasto com Educação,365.21,Dinheiro
2024-04-27,Alimentação,Gasto com Alimentação,35.05,Crédito
2024-04-27,Alimentação,Gasto com Alimentação,16.61,Dinheiro
2024-04-27,Transporte,Gasto com Transporte,40.51,Crédito
2024-04-27,Saúde,Gasto com Saúde,146.12,Pix
2024-04-27,Saúde,Gasto com Saúde,261.27,Dinheiro
2024-04-28,Moradia,Gasto com Moradia,948.98,Crédito
2024-04-28,Transporte,Gasto com Transporte,31.32,Débito
2024-04-28,Alimentação,Gasto com Alimentação,15.71,Pix
2024-04-28,Educação,Gasto com Educação,153.71,Dinheiro
2024-04-28,Transporte,Gasto com Transporte,10.6,Crédito
2024-04-28,Saúde,Gasto com Saúde,114.36,Débito
2024-04-29,Lazer,Gasto com Lazer,258.33,Débito
2024-04-29,Educação,Gasto com Educação,339.75,Pix
2024-04-29,Alimentação,Gasto com Alimentação,35.61,Pix
2024-04-29,Assinaturas,Gasto com Assinaturas,34.18,Débito
2024-04-30,Educação,Gasto com Educação,211.2,Crédito
2024-04-30,Alimentação,Gasto com Alimentação,36.78,Dinheiro
2024-04-30,Lazer,Gasto com Lazer,279.27,Débito
2024-04-30,Educação,Gasto com Educação,394.02,Débito
2024-05-01,Lazer,Gasto com Lazer,187.15,Pix
2024-05-01,Transporte,Gasto com Transporte,22.29,Pix
2024-05-01,Moradia,Gasto com Moradia,1055.63,Pix
2024-05-02,Alimentação,Gasto com Alimentação,44.07,Dinheiro
2024-05-02,Lazer,Gasto com Lazer,291.62,Pix
2024-05-02,Transporte,Gasto com Transporte,27.13,Dinheiro
2024-05-02,Alimentação,Gasto com Alimentação,73.97,Pix
2024-05-02,Transporte,Gasto com Transporte,52.26,Crédito
2024-05-02,Transporte,Gasto com Transporte,13.49,Dinheiro
2024-05-02,Assinaturas,Gasto com Assinaturas,39.3,Crédito
2024-05-02,Lazer,Gasto com Lazer,239.67,Crédito
2024-05-02,Alimentação,Gasto com Alimentação,18.16,Pix
2024-05-02,Assinaturas,Gasto com Assinaturas,36.44,Débito
2024-05-02,Lazer,Gasto com Lazer,296.22,Débito
2024-05-02,Moradia,Gasto com Moradia,665.28,Débito
2024-05-02,Lazer,Gasto com Lazer,42.02,Pix
2024-05-03,Lazer,Gasto com Lazer,270.59,Débito
2024-05-03,Educação,Gasto com Educação,201.35,Débito
2024-05-03,Transporte,Gasto com Transporte,38.96,Pix
2024-05-03,Educação,Gasto com Educação,391.97,Pix
2024-05-03,Educação,Gasto com Educação,229.21,Dinheiro
2024-05-03,Saúde,Gasto com Saúde,123.81,Pix
2024-05-03,Lazer,Gasto com Lazer,39.72,Pix
2024-05-03,Educação,Gasto com Educação,261.27,Dinheiro
2024-05-03,Transporte,Gasto com Transporte,58.32,Crédito
2024-05-03,Lazer,Gasto com Lazer,64.73,Dinheiro
2024-05-04,Transporte,Gasto com Transporte,44.84,Crédito
2024-05-04,Alimentação,Gasto com Alimentação,104.09,Pix
2024-05-04,Alimentação,Gasto com Alimentação,22.93,Crédito
2024-05-04,Alimentação,Gasto com Alimentação,29.15,Dinheiro
2024-05-04,Saúde,Gasto com Saúde,204.26,Pix
2024-05-04,Alimentação,Gasto com Alimentação,31.86,Débito
2024-05-05,Saúde,Gasto com Saúde,269.39,Crédito
2024-05-05,Lazer,Gasto com Lazer,46.43,Débito
2024-05-05,Lazer,Gasto com Lazer,296.3,Dinheiro
2024-05-05,Lazer,Gasto com Lazer,71.08,Débito
2024-05-06,Lazer,Gasto com Lazer,168.13,Crédito
2024-05-06,Saúde,Gasto com Saúde,152.97,Débito
2024-05-06,Assinaturas,Gasto com Assinaturas,22.71,Débito
2024-05-06,Moradia,Gasto com Moradia,942.85,Dinheiro
2024-05-06,Lazer,Gasto com Lazer,231.56,Pix
2024-05-06,Educação,Gasto com Educação,183.83,Dinheiro
2024-05-07,Alimentação,Gasto com Alimentação,16.76,Crédito
2024-05-07,Saúde,Gasto com Saúde,269.3,Dinheiro
2024-05-07,Transporte,Gasto com Transporte,57.84,Crédito
2024-05-07,Alimentação,Gasto com Alimentação,37.59,Pix
2024-05-07,Saúde,Gasto com Saúde,112.69,Crédito
2024-05-07,Transporte,Gasto com Transporte,19.87,Pix
2024-05-07,Alimentação,Gasto com Alimentação,74.66,Dinheiro
2024-05-07,Educação,Gasto com Educação,104.38,Dinheiro
2024-05-07,Educação,Gasto com Educação,264.51,Crédito
2024-05-08,Lazer,Gasto com Lazer,142.1,Dinheiro
2024-05-08,Alimentação,Gasto com Alimentação,32.28,Crédito
2024-05-08,Transporte,Gasto com Transporte,49.21,Crédito
2024-05-08,Saúde,Gasto com Saúde,184.65,Crédito
2024-05-09,Saúde,Gasto com Saúde,291.11,Pix
2024-05-09,Transporte,Gasto com Transporte,49.86,Crédito
2024-05-09,Educação,Gasto com Educação,355.58,Débito
2024-05-09,Educação,Gasto com Educação,288.12,Pix
2024-05-09,Saúde,Gasto com Saúde,116.21,Débito
2024-05-09,Alimentação,Gasto com Alimentação,116.82,Dinheiro
2024-05-09,Lazer,Gasto com Lazer,128.38,Dinheiro
2024-05-09,Saúde,Gasto com Saúde,201.06,Crédito
2024-05-10,Saúde,Gasto com Saúde,108.03,Débito
2024-05-10,Educação,Gasto com Educação,263.14,Crédito
2024-05-10,Saúde,Gasto com Saúde,166.85,Débito
2024-05-10,Lazer,Gasto com Lazer,295.97,Pix
2024-05-10,Educação,Gasto com Educação,165.77,Pix
2024-05-10,Assinaturas,Gasto com Assinaturas,63.23,Débito
2024-05-10,Lazer,Gasto com Lazer,72.02,Pix
2024-05-10,Alimentação,Gasto com Alimentação,15.04,Dinheiro
2024-05-10,Alimentação,Gasto com Alimentação,25.34,Pix
2024-05-11,Saúde,Gasto com Saúde,248.04,Crédito
2024-05-11,Alimentação,Gasto com Alimentação,116.52,Pix
2024-05-11,Educação,Gasto com Educação,376.25,Débito
2024-05-11,Saúde,Gasto com Saúde,50.63,Pix
2024-05-11,Saúde,Gasto com Saúde,128.63,Débito
2024-05-11,Alimentação,Gasto com Alimentação,18.61,Crédito
2024-05-12,Transporte,Gasto com Transporte,16.52,Débito
2024-05-12,Saúde,Gasto com Saúde,211.24,Débito
2024-05-12,Alimentação,Gasto com Alimentação,33.92,Crédito
2024-05-12,Alimentação,Gasto com Alimentação,37.75,Débito
2024-05-13,Lazer,Gasto com Lazer,245.3,Débito
2024-05-13,Educação,Gasto com Educação,250.86,Débito
2024-05-13,Saúde,Gasto com Saúde,167.04,Crédito
2024-05-13,Alimentação,Gasto com Alimentação,15.51,Crédito
2024-05-13,Transporte,Gasto com Transporte,34.57,Débito
2024-05-13,Transporte,Gasto com Transporte,10.85,Débito
2024-05-13,Educação,Gasto com Educação,278.15,Pix
2024-05-14,Alimentação,Gasto com Alimentação,33.92,Dinheiro
2024-05-14,Transporte,Gasto com Transporte,54.21,Crédito
2024-05-15,Transporte,Gasto com Transporte,13.06,Crédito
2024-05-15,Educação,Gasto com Educação,93.35,Pix
2024-05-15,Saúde,Gasto com Saúde,281.01,Pix
2024-05-15,Transporte,Gasto com Transporte,13.67,Dinheiro
2024-05-15,Lazer,Gasto com Lazer,224.96,Dinheiro
2024-05-15,Transporte,Gasto com Transporte,27.59,Crédito
2024-05-15,Educação,Gasto com Educação,131.93,Crédito
2024-05-16,Transporte,Gasto com Transporte,42.49,Crédito
2024-05-16,Educação,Gasto com Educação,370.88,Débito
2024-05-16,Saúde,Gasto com Saúde,249.24,Dinheiro
2024-05-17,Educação,Gasto com Educação,207.82,Dinheiro
2024-05-17,Educação,Gasto com Educação,224.14,Pix
2024-05-18,Educação,Gasto com Educação,253.09,Débito
2024-05-18,Transporte,Gasto com Transporte,56.04,Crédito
2024-05-18,Lazer,Gasto com Lazer,109.15,Pix
2024-05-18,Transporte,Gasto com Transporte,47.63,Pix
2024-05-18,Alimentação,Gasto com Alimentação,74.84,Pix
2024-05-18,Educação,Gasto com Educação,306.79,Débito
2024-05-18,Moradia,Gasto com Moradia,656.19,Débito
2024-05-18,Transporte,Gasto com Transporte,52.18,Débito
2024-05-19,Lazer,Gasto com Lazer,248.88,Dinheiro
2024-05-19,Transporte,Gasto com Transporte,9.48,Crédito
2024-05-19,Transporte,Gasto com Transporte,10.98,Dinheiro
2024-05-19,Transporte,Gasto com Transporte,53.96,Pix
2024-05-20,Lazer,Gasto com Lazer,175.85,Crédito
2024-05-21,Transporte,Gasto com Transporte,8.41,Crédito
2024-05-21,Lazer,Gasto com Lazer,123.01,Crédito
2024-05-21,Transporte,Gasto com Transporte,48.29,Dinheiro
2024-05-21,Alimentação,Gasto com Alimentação,25.12,Pix
2024-05-21,Transporte,Gasto com Transporte,11.08,Pix
2024-05-21,Lazer,Gasto com Lazer,218.89,Débito
2024-05-21,Educação,Gasto com Educação,114.43,Dinheiro
2024-05-21,Alimentação,Gasto com Alimentação,70.31,Débito
2024-05-22,Transporte,Gasto com Transporte,39.58,Pix
2024-05-23,Educação,Gasto com Educação,303.37,Débito
2024-05-23,Alimentação,Gasto com Alimentação,25.87,Crédito
2024-05-24,Lazer,Gasto com Lazer,137.78,Crédito
2024-05-24,Saúde,Gasto com Saúde,201.96,Débito
2024-05-24,Lazer,Gasto com Lazer,56.34,Crédito
2024-05-24,Alimentação,Gasto com Alimentação,21.25,Crédito
2024-05-24,Educação,Gasto com Educação,236.33,Débito
2024-05-24,Transporte,Gasto com Transporte,57.98,Débito
2024-05-25,Alimentação,Gasto com Alimentação,16.51,Crédito
2024-05-25,Lazer,Gasto com Lazer,301.99,Pix
2024-05-25,Educação,Gasto com Educação,157.67,Débito
2024-05-25,Lazer,Gasto com Lazer,305.06,Dinheiro
2024-05-25,Lazer,Gasto com Lazer,267.84,Crédito
2024-05-25,Educação,Gasto com Educação,178.24,Dinheiro
2024-05-25,Lazer,Gasto com Lazer,316.7,Débito
2024-05-25,Transporte,Gasto com Transporte,21.45,Dinheiro
2024-05-25,Saúde,Gasto com Saúde,282.26,Débito
2024-05-26,Assinaturas,Gasto com Assinaturas,35.03,Pix
2024-05-26,Transporte,Gasto com Transporte,23.4,Débito
2024-05-26,Transporte,Gasto com Transporte,48.38,Crédito
2024-05-26,Transporte,Gasto com Transporte,43.62,Crédito
2024-05-27,Educação,Gasto com Educação,324.5,Dinheiro
2024-05-27,Alimentação,Gasto com Alimentação,21.3,Débito
2024-05-27,Transporte,Gasto com Transporte,23.3,Débito
2024-05-27,Saúde,Gasto com Saúde,239.26,Débito
2024-05-28,Educação,Gasto com Educação,210.89,Crédito
2024-05-28,Lazer,Gasto com Lazer,200.36,Débito
2024-05-29,Assinaturas,Gasto com Assinaturas,57.66,Crédito
2024-05-29,Lazer,Gasto com Lazer,166.29,Débito
2024-05-29,Educação,Gasto com Educação,370.73,Dinheiro
2024-05-30,Lazer,Gasto com Lazer,270.05,Crédito
2024-05-30,Saúde,Gasto com Saúde,233.55,Dinheiro
2024-05-31,Educação,Gasto com Educação,53.39,Crédito
2024-05-31,Saúde,Gasto com Saúde,35.23,Pix
2024-05-31,Moradia,Gasto com Moradia,890.27,Dinheiro
2024-05-31,Saúde,Gasto com Saúde,271.26,Pix
2024-05-31,Lazer,Gasto com Lazer,311.93,Dinheiro
2024-05-31,Saúde,Gasto com Saúde,240.94,Débito
2024-06-01,Educação,Gasto com Educação,373.41,Dinheiro
2024-06-01,Alimentação,Gasto com Alimentação,26.24,Débito
2024-06-01,Alimentação,Gasto com Alimentação,69.71,Pix
2024-06-02,Educação,Gasto com Educação,380.71,Pix
2024-06-02,Transporte,Gasto com Transporte,58.52,Dinheiro
2024-06-02,Lazer,Gasto com Lazer,290.85,Dinheiro
2024-06-02,Lazer,Gasto com Lazer,295.99,Pix
2024-06-02,Alimentação,Gasto com Alimentação,87.29,Débito
2024-06-02,Alimentação,Gasto com Alimentação,33.32,Débito
2024-06-02,Transporte,Gasto com Transporte,29.2,Dinheiro
2024-06-02,Lazer,Gasto com Lazer,255.7,Débito
2024-06-03,Lazer,Gasto com Lazer,288.74,Débito
2024-06-03,Educação,Gasto com Educação,174.14,Pix
2024-06-03,Lazer,Gasto com Lazer,296.5,Pix
2024-06-03,Alimentação,Gasto com Alimentação,34.91,Débito
2024-06-03,Educação,Gasto com Educação,108.02,Crédito
2024-06-03,Lazer,Gasto com Lazer,205.3,Crédito
2024-06-03,Alimentação,Gasto com Alimentação,30.19,Pix
2024-06-03,Saúde,Gasto com Saúde,282.15,Dinheiro
2024-06-04,Saúde,Gasto com Saúde,102.38,Pix
2024-06-04,Lazer,Gasto com Lazer,224.09,Dinheiro
2024-06-04,Saúde,Gasto com Saúde,201.64,Dinheiro
2024-06-04,Transporte,Gasto com Transporte,22.92,Pix
2024-06-05,Saúde,Gasto com Saúde,88.97,Pix
2024-06-05,Transporte,Gasto com Transporte,43.17,Dinheiro
2024-06-05,Transporte,Gasto com Transporte,25.49,Débito
2024-06-05,Saúde,Gasto com Saúde,235.85,Crédito
2024-06-05,Saúde,Gasto com Saúde,275.18,Crédito
2024-06-05,Lazer,Gasto com Lazer,240.93,Crédito
2024-06-05,Educação,Gasto com Educação,289.88,Pix
2024-06-06,Transporte,Gasto com Transporte,15.11,Pix
2024-06-06,Educação,Gasto com Educação,220.81,Débito
2024-06-06,Alimentação,Gasto com Alimentação,29.66,Débito
2024-06-06,Transporte,Gasto com Transporte,47.19,Pix
2024-06-06,Alimentação,Gasto com Alimentação,32.15,Dinheiro
2024-06-06,Lazer,Gasto com Lazer,323.54,Débito
2024-06-06,Alimentação,Gasto com Alimentação,29.68,Débito
2024-06-06,Saúde,Gasto com Saúde,194.49,Débito
2024-06-06,Saúde,Gasto com Saúde,233.17,Dinheiro
2024-06-07,Alimentação,Gasto com Alimentação,22.86,Dinheiro
2024-06-07,Assinaturas,Gasto com Assinaturas,28.46,Crédito
2024-06-07,Lazer,Gasto com Lazer,58.23,Débito
2024-06-07,Educação,Gasto com Educação,231.91,Pix
2024-06-07,Alimentação,Gasto com Alimentação,73.26,Pix
2024-06-07,Moradia,Gasto com Moradia,751.39,Pix
2024-06-07,Transporte,Gasto com Transporte,20.59,Débito
2024-06-07,Transporte,Gasto com Transporte,26.18,Débito
2024-06-07,Lazer,Gasto com Lazer,184.11,Débito
2024-06-07,Saúde,Gasto com Saúde,81.73,Dinheiro
2024-06-07,Lazer,Gasto com Lazer,243.67,Dinheiro
2024-06-08,Alimentação,Gasto com Alimentação,15.48,Pix
2024-06-08,Lazer,Gasto com Lazer,189.89,Crédito
2024-06-08,Alimentação,Gasto com Alimentação,17.51,Crédito
2024-06-08,Lazer,Gasto com Lazer,208.39,Débito
2024-06-08,Saúde,Gasto com Saúde,20.33,Débito
2024-06-08,Alimentação,Gasto com Alimentação,19.36,Débito
2024-06-09,Educação,Gasto com Educação,82.33,Pix
2024-06-09,Alimentação,Gasto com Alimentação,78.45,Pix
2024-06-09,Alimentação,Gasto com Alimentação,30.85,Crédito
2024-06-09,Educação,Gasto com Educação,123.76,Dinheiro
2024-06-10,Transporte,Gasto com Transporte,43.05,Crédito
2024-06-10,Saúde,Gasto com Saúde,51.2,Pix
2024-06-10,Lazer,Gasto com Lazer,115.55,Crédito
2024-06-10,Saúde,Gasto com Saúde,234.13,Crédito
2024-06-11,Lazer,Gasto com Lazer,166.37,Pix
2024-06-11,Alimentação,Gasto com Alimentação,39.22,Pix
2024-06-11,Transporte,Gasto com Transporte,8.02,Crédito
2024-06-11,Alimentação,Gasto com Alimentação,32.82,Crédito
2024-06-11,Transporte,Gasto com Transporte,33.52,Dinheiro
2024-06-12,Lazer,Gasto com Lazer,258.45,Crédito
2024-06-12,Educação,Gasto com Educação,385.76,Pix
2024-06-12,Transporte,Gasto com Transporte,47.9,Crédito
2024-06-12,Lazer,Gasto com Lazer,97.84,Crédito
2024-06-12,Transporte,Gasto com Transporte,39.87,Débito
2024-06-12,Lazer,Gasto com Lazer,120.26,Débito
2024-06-12,Transporte,Gasto com Transporte,57.47,Crédito
2024-06-13,Alimentação,Gasto com Alimentação,39.33,Crédito
2024-06-13,Alimentação,Gasto com Alimentação,22.12,Dinheiro
2024-06-13,Saúde,Gasto com Saúde,86.49,Débito
2024-06-13,Educação,Gasto com Educação,311.66,Pix
2024-06-13,Educação,Gasto com Educação,163.31,Dinheiro
2024-06-13,Saúde,Gasto com Saúde,212.85,Débito
2024-06-14,Transporte,Gasto com Transporte,48.06,Débito
2024-06-14,Alimentação,Gasto com Alimentação,50.83,Dinheiro
2024-06-14,Transporte,Gasto com Transporte,15.57,Débito
2024-06-14,Alimentação,Gasto com Alimentação,16.63,Pix
2024-06-14,Alimentação,Gasto com Alimentação,15.35,Dinheiro
2024-06-14,Saúde,Gasto com Saúde,107.26,Débito
2024-06-14,Alimentação,Gasto com Alimentação,29.37,Débito
2024-06-15,Transporte,Gasto com Transporte,19.63,Pix
2024-06-15,Educação,Gasto com Educação,83.7,Dinheiro
2024-06-15,Transporte,Gasto com Transporte,34.34,Dinheiro
2024-06-15,Alimentação,Gasto com Alimentação,29.02,Débito
2024-06-16,Educação,Gasto com Educação,333.72,Débito
2024-06-16,Educação,Gasto com Educação,364.88,Débito
2024-06-16,Educação,Gasto com Educação,118.22,Pix
2024-06-16,Lazer,Gasto com Lazer,51.79,Pix
2024-06-16,Saúde,Gasto com Saúde,163.64,Dinheiro
2024-06-16,Alimentação,Gasto com Alimentação,20.17,Dinheiro
2024-06-17,Saúde,Gasto com Saúde,294.33,Débito
2024-06-17,Saúde,Gasto com Saúde,216.17,Dinheiro
2024-06-17,Alimentação,Gasto com Alimentação,23.86,Débito
2024-06-17,Educação,Gasto com Educação,314.7,Débito
2024-06-17,Saúde,Gasto com Saúde,279.31,Débito
2024-06-17,Lazer,Gasto com Lazer,172.13,Dinheiro
2024-06-17,Transporte,Gasto com Transporte,30.53,Débito
2024-06-17,Educação,Gasto com Educação,99.91,Dinheiro
2024-06-17,Educação,Gasto com Educação,67.48,Pix
2024-06-18,Lazer,Gasto com Lazer,99.98,Débito
2024-06-18,Alimentação,Gasto com Alimentação,91.6,Crédito
2024-06-18,Transporte,Gasto com Transporte,8.98,Crédito
2024-06-19,Saúde,Gasto com Saúde,114.11,Débito
2024-06-19,Moradia,Gasto com Moradia,896.1,Pix
2024-06-19,Saúde,Gasto com Saúde,165.73,Débito
2024-06-19,Lazer,Gasto com Lazer,221.75,Dinheiro
2024-06-19,Transporte,Gasto com Transporte,38.48,Dinheiro
2024-06-20,Transporte,Gasto com Transporte,30.5,Pix
2024-06-20,Saúde,Gasto com Saúde,258.24,Dinheiro
2024-06-20,Saúde,Gasto com Saúde,67.61,Crédito
2024-06-20,Educação,Gasto com Educação,324.95,Dinheiro
2024-06-20,Alimentação,Gasto com Alimentação,38.9,Pix
2024-06-21,Educação,Gasto com Educação,360.46,Crédito
2024-06-21,Lazer,Gasto com Lazer,172.31,Débito
2024-06-21,Saúde,Gasto com Saúde,126.89,Dinheiro
2024-06-21,Lazer,Gasto com Lazer,61.58,Pix
2024-06-22,Educação,Gasto com Educação,64.23,Crédito
2024-06-22,Educação,Gasto com Educação,387.74,Pix
2024-06-22,Educação,Gasto com Educação,326.22,Dinheiro
2024-06-22,Saúde,Gasto com Saúde,40.94,Débito
2024-06-23,Educação,Gasto com Educação,343.61,Débito
2024-06-23,Assinaturas,Gasto com Assinaturas,56.44,Dinheiro
2024-06-23,Saúde,Gasto com Saúde,144.64,Débito
2024-06-23,Lazer,Gasto com Lazer,215.05,Dinheiro
2024-06-24,Saúde,Gasto com Saúde,244.29,Pix
2024-06-25,Alimentação,Gasto com Alimentação,24.59,Débito
2024-06-25,Assinaturas,Gasto com Assinaturas,20.87,Dinheiro
2024-06-25,Alimentação,Gasto com Alimentação,17.73,Pix
2024-06-25,Educação,Gasto com Educação,390.21,Pix
2024-06-25,Educação,Gasto com Educação,176.64,Dinheiro
2024-06-25,Educação,Gasto com Educação,57.77,Crédito
2024-06-26,Saúde,Gasto com Saúde,122.04,Pix
2024-06-26,Alimentação,Gasto com Alimentação,32.31,Débito
2024-06-26,Alimentação,Gasto com Alimentação,48.39,Débito
2024-06-26,Transporte,Gasto com Transporte,27.78,Pix
2024-06-26,Educação,Gasto com Educação,230.16,Dinheiro
2024-06-26,Lazer,Gasto com Lazer,193.18,Débito
2024-06-26,Alimentação,Gasto com Alimentação,32.98,Pix
2024-06-27,Educação,Gasto com Educação,173.82,Dinheiro
2024-06-27,Saúde,Gasto com Saúde,46.64,Débito
2024-06-27,Educação,Gasto com Educação,313.37,Crédito
2024-06-27,Transporte,Gasto com Transporte,29.86,Débito
2024-06-27,Educação,Gasto com Educação,146.06,Crédito
2024-06-27,Lazer,Gasto com Lazer,45.96,Crédito
2024-06-28,Transporte,Gasto com Transporte,39.02,Pix
2024-06-28,Assinaturas,Gasto com Assinaturas,55.08,Pix
2024-06-28,Transporte,Gasto com Transporte,9.97,Débito
2024-06-28,Saúde,Gasto com Saúde,165.35,Pix
2024-06-29,Transporte,Gasto com Transporte,37.9,Dinheiro
2024-06-29,Saúde,Gasto com Saúde,185.87,Dinheiro
2024-06-29,Educação,Gasto com Educação,126.78,Débito
2024-06-29,Transporte,Gasto com Transporte,43.77,Dinheiro
2024-06-29,Transporte,Gasto com Transporte,28.6,Pix
2024-06-29,Alimentação,Gasto com Alimentação,24.06,Dinheiro
2024-06-30,Educação,Gasto com Educação,71.94,Dinheiro
2024-06-30,Saúde,Gasto com Saúde,223.15,Dinheiro
